"tool_id","tool_slug","workflow_slug","is_primary"
"f175eb69-3779-4350-ba79-0b2054300d86","percentage-calculator","workflow-percentage-calculator-standard","true"
"86eb5790-0179-4901-85e4-e0165b14fcda","ai-content-writer","workflow-ai-content-writer-quick","false"
"86eb5790-0179-4901-85e4-e0165b14fcda","ai-content-writer","workflow-ai-content-writer-professional","false"
"4d4e2480-0da8-4d19-8f5c-f0fe745f46be","customer-acquisition-cost-calculator","workflow-customer-acquisition-cost-calculator-standard","true"
"4f0d7b08-5b13-4419-8bbf-895ce7c6e2fb","gross-profit-calculator","workflow-gross-profit-calculator-standard","true"
"ec722629-db92-4f7b-b12e-c70f2c398ace","conversion-rate-calculator","workflow-conversion-rate-calculator-standard","true"
"0b70612c-e276-4a62-b357-e1c1c773fa5a","cpa-calculator","workflow-cpa-calculator-standard","true"
"f301ad76-50e0-4d4b-b544-e7cdb7246e9a","profit-margin-calculator","workflow-profit-margin-calculator-standard","true"
"a0c66970-94b9-40e2-a739-be76dce65524","cpm-calculator","workflow-cpm-calculator-standard","true"
"dfd21220-8422-4970-8c90-270550b5c3c4","ctr-calculator","workflow-ctr-calculator-standard","true"
"c3035766-e935-4182-942e-8b412419789b","discount-calculator","workflow-discount-calculator-standard","true"
"ff6dfa48-a649-4391-b7a7-cfe2b77292d8","cpc-calculator","workflow-cpc-calculator-standard","true"
"a721a63c-83e8-4075-8b56-a8dff08c6bc1","roas-calculator","workflow-roas-calculator-standard","true"
"d9de3723-38d6-4a9f-b2ff-74548722d39c","salary-increase-calculator","workflow-salary-increase-calculator-standard","true"
"ee78d9ac-d962-45b4-92d0-4ff06f6b092f","break-even-calculator","workflow-break-even-calculator-standard","true"
"302eaba8-e1b8-4d3c-8346-60a9cdf4ac32","tip-calculator","workflow-tip-calculator-standard","true"
"0f15704e-ebe9-426a-8a77-015bb1f52b34","compound-interest-calculator","workflow-compound-interest-calculator-standard","true"
"be5d1ed8-56f0-4114-84a6-ee07fe0e153a","simple-interest-calculator","workflow-simple-interest-calculator-standard","true"
"b0167501-912e-4f9b-96d9-34532eae13bf","unit-price-calculator","workflow-unit-price-calculator-standard","true"
"d48b39fd-6eab-4398-923b-473451e9e8ba","aov-calculator","workflow-aov-calculator-standard","true"
"454866d0-1aaa-4f62-8aad-3ae1d6dcb02c","commission-calculator","workflow-commission-calculator-standard","true"
"9f7a206f-ab52-4ef3-805f-b989bf4ac800","roi-calculator","workflow-roi-calculator-standard","true"
"21030036-5d49-4e16-95cc-5d28165fbc54","weighted-score-calculator","workflow-weighted-score-calculator-standard","true"
"74b34bbf-bbdf-463d-8d00-696766fd4766","pre-tax-price-calculator","workflow-pre-tax-price-calculator-standard","true"
"f3e86665-b806-40a9-961a-8e7ac1419d37","markup-calculator","workflow-markup-calculator-standard","true"
"bd86531a-b40c-4800-9e86-c37feff83059","vat-calculator","workflow-vat-calculator-standard","true"
"4254c4db-9526-4c7d-913a-38aa1ce6fb64","average-calculator","workflow-average-calculator-standard","true"
"6b3b9b93-4a44-4c15-914d-932bfcfec929","line-sorter","workflow-line-sorter-standard","true"
"b320acb2-abef-4c22-b4f0-16490333a347","reverse-text","workflow-reverse-text-standard","true"
"af4143c7-d820-4e62-8ece-69cc2563e8fc","text-case-converter","workflow-text-case-converter-standard","true"
"b971db8c-f5bb-464b-88b9-153019e6db9e","normalize-arabic-text","workflow-normalize-arabic-text-standard","true"
"addb4715-84ac-4925-a831-424adc2a44d3","remove-diacritics","workflow-remove-diacritics-standard","true"
"4697de8c-7b84-4923-8f44-28364c9b18c4","fancy-separator-generator","workflow-fancy-separator-generator-standard","true"
"4d198c72-c2dc-4ae8-a6db-b23762c1dbe9","quote-wrapper","workflow-quote-wrapper-standard","true"
"9d6c3eee-db16-4b68-b242-e699fc5ff574","line-prefix-adder","workflow-line-prefix-adder-standard","true"
"08c78913-87fe-467a-8195-113889b2069b","find-replace-text","workflow-find-replace-text-standard","true"
"6cbc4a4f-1ca1-4347-9ace-4dc100f4d8ab","emoji-text-decoration","workflow-emoji-text-decoration-standard","true"
"8ce62f87-b6d0-4fd1-a970-70253ec7c8a8","text-decoration","workflow-text-decoration-standard","true"
"0b607b9f-1c36-4070-95b0-d028d2dc1294","arabic-text-decoration","workflow-arabic-text-decoration-standard","true"
"9cf7aa49-3eb3-4d1d-8695-4350cbe430e9","english-name-decoration","workflow-english-name-decoration-standard","true"
"e85207a7-d468-487c-9462-0b9224df5bb0","username-decoration","workflow-username-decoration-standard","true"
"91a83513-9304-4d59-a113-6b35890e4d4c","slug-generator","workflow-slug-generator-standard","true"
"7fbbe408-d4b7-4192-8e8a-ec2376033906","prefix-suffix-adder","workflow-prefix-suffix-adder-standard","true"
"7a8c0cf3-8454-4339-979a-bb1fc86582f3","text-repeater","workflow-text-repeater-standard","true"
"50c737ef-00ee-423f-aee3-fb14b8f20321","duplicate-line-remover","workflow-duplicate-line-remover-standard","true"
"72ff541a-777e-488d-877f-ac5b96e9c0e2","text-counter","workflow-text-counter-standard","true"
"e50b3a4f-cf40-421f-8614-fd1a03cb9c7f","remove-line-breaks","workflow-remove-line-breaks-standard","true"
"6fd27130-82fb-4c2c-aab4-d7ac230fecc5","hashtag-generator","workflow-hashtag-generator-standard","true"
"14dab5df-6de6-40f1-a637-b788856655f0","punctuation-remover","workflow-punctuation-remover-standard","true"
"23395eac-bc35-4917-8336-160c8a6859b2","whitespace-cleaner","workflow-whitespace-cleaner-standard","true"
"026685e0-6d13-4736-b66c-0d862eceb8c7","whatsapp-message-writer","workflow-whatsapp-message-writer-quick","false"
"026685e0-6d13-4736-b66c-0d862eceb8c7","whatsapp-message-writer","workflow-whatsapp-message-writer-professional","false"
"544e0be2-869e-4b47-9d84-eabc3b5f3d83","video-script-generator","workflow-video-script-generator-quick","false"
"544e0be2-869e-4b47-9d84-eabc3b5f3d83","video-script-generator","workflow-video-script-generator-professional","false"
"188def61-24cc-4321-a3e3-de869b62473f","social-post-generator","workflow-social-post-generator-quick","false"
"188def61-24cc-4321-a3e3-de869b62473f","social-post-generator","workflow-social-post-generator-professional","false"
"25770c72-f02b-45d4-af02-c6642fad983e","product-description-generator","workflow-product-description-generator-quick","false"
"25770c72-f02b-45d4-af02-c6642fad983e","product-description-generator","workflow-product-description-generator-professional","false"
"b996877a-cad2-46bf-873b-02551517c0cb","text-summarizer","workflow-text-summarizer-quick","false"
"b996877a-cad2-46bf-873b-02551517c0cb","text-summarizer","workflow-text-summarizer-professional","false"
"74601ad6-8cc8-4253-99e4-4b1b3451367f","content-rewriter","workflow-content-rewriter-quick","false"
"74601ad6-8cc8-4253-99e4-4b1b3451367f","content-rewriter","workflow-content-rewriter-professional","false"
"152fb4c9-333d-4e0f-a58f-6e6803dd0cab","content-writing-assistant","workflow-content-writing-assistant-quick","false"
"152fb4c9-333d-4e0f-a58f-6e6803dd0cab","content-writing-assistant","workflow-content-writing-assistant-professional","false"
"33a58c1f-441e-47c9-96cf-40032310d2de","ad-copy-generator","workflow-ad-copy-generator-quick","false"
"33a58c1f-441e-47c9-96cf-40032310d2de","ad-copy-generator","workflow-ad-copy-generator-professional","false"
"be888804-c13e-4637-b472-9c0ddc620e84","proposal-writer","workflow-proposal-writer-quick","false"
"be888804-c13e-4637-b472-9c0ddc620e84","proposal-writer","workflow-proposal-writer-professional","false"
"8d31f1c6-8ec5-473e-8a8d-c430e6da4280","meeting-summary-generator","workflow-meeting-summary-generator-quick","false"
"8d31f1c6-8ec5-473e-8a8d-c430e6da4280","meeting-summary-generator","workflow-meeting-summary-generator-professional","false"
"60424a4a-bd7c-4c99-b88f-8253aafe48d6","keyword-cluster-generator","workflow-keyword-cluster-generator-quick","false"
"60424a4a-bd7c-4c99-b88f-8253aafe48d6","keyword-cluster-generator","workflow-keyword-cluster-generator-professional","false"
"37f7e4f7-8a23-4b6a-82a4-82155c31ed1a","blog-outline-generator","workflow-blog-outline-generator-quick","false"
"37f7e4f7-8a23-4b6a-82a4-82155c31ed1a","blog-outline-generator","workflow-blog-outline-generator-professional","false"
"348e5c3c-80f5-41c5-bb38-f55a70cc5690","seo-title-description-generator","workflow-seo-title-description-generator-quick","false"
"348e5c3c-80f5-41c5-bb38-f55a70cc5690","seo-title-description-generator","workflow-seo-title-description-generator-professional","false"
"006abb67-69d9-4085-befa-37032e344c0d","youtube-description-generator","workflow-youtube-description-generator-quick","false"
"006abb67-69d9-4085-befa-37032e344c0d","youtube-description-generator","workflow-youtube-description-generator-professional","false"
"1a4aed76-7839-419f-a710-b20c9c00a4ff","call-to-action-generator","workflow-call-to-action-generator-quick","false"
"1a4aed76-7839-419f-a710-b20c9c00a4ff","call-to-action-generator","workflow-call-to-action-generator-professional","false"
"baa6c8f0-6ef9-48df-9ad8-12ff3fca484e","youtube-title-generator","workflow-youtube-title-generator-quick","false"
"baa6c8f0-6ef9-48df-9ad8-12ff3fca484e","youtube-title-generator","workflow-youtube-title-generator-professional","false"
"c251998a-1e8d-48ac-9a98-16898f48b709","customer-service-reply-generator","workflow-customer-service-reply-generator-quick","false"
"c251998a-1e8d-48ac-9a98-16898f48b709","customer-service-reply-generator","workflow-customer-service-reply-generator-professional","false"
"9d8e203c-2d3d-4f80-8bb9-b3748edc53fb","x-post-generator","workflow-x-post-generator-quick","false"
"9d8e203c-2d3d-4f80-8bb9-b3748edc53fb","x-post-generator","workflow-x-post-generator-professional","false"
"d40f6033-4da3-48b2-892a-f923ac845028","linkedin-post-generator","workflow-linkedin-post-generator-quick","false"
"d40f6033-4da3-48b2-892a-f923ac845028","linkedin-post-generator","workflow-linkedin-post-generator-professional","false"
"8f53b565-7927-422f-9596-0683813831a2","tiktok-caption-generator","workflow-tiktok-caption-generator-quick","false"
"8f53b565-7927-422f-9596-0683813831a2","tiktok-caption-generator","workflow-tiktok-caption-generator-professional","false"
"134a632f-aff6-4b90-9373-58155aead447","landing-page-copy-generator","workflow-landing-page-copy-generator-quick","false"
"134a632f-aff6-4b90-9373-58155aead447","landing-page-copy-generator","workflow-landing-page-copy-generator-professional","false"
"05a7c9cd-9bad-4846-b66a-55ec59907df2","content-ideas-generator","workflow-content-ideas-generator-quick","false"
"05a7c9cd-9bad-4846-b66a-55ec59907df2","content-ideas-generator","workflow-content-ideas-generator-professional","false"
"699a3814-b2bf-4317-ba5a-ec992e13db09","faq-generator","workflow-faq-generator-quick","false"
"699a3814-b2bf-4317-ba5a-ec992e13db09","faq-generator","workflow-faq-generator-professional","false"
"5d895ade-b002-40e3-975a-9c8297324c93","instagram-caption-generator","workflow-instagram-caption-generator-quick","false"
"5d895ade-b002-40e3-975a-9c8297324c93","instagram-caption-generator","workflow-instagram-caption-generator-professional","false"
"610f4f10-1b58-487e-89ee-74c48f37e25a","email-writer","workflow-email-writer-quick","false"
"610f4f10-1b58-487e-89ee-74c48f37e25a","email-writer","workflow-email-writer-professional","false"
"b0f4c0de-4906-456e-a0ea-c4e149dba050","slogan-generator","workflow-slogan-generator-quick","false"
"b0f4c0de-4906-456e-a0ea-c4e149dba050","slogan-generator","workflow-slogan-generator-professional","false"
"5b21ae63-ba06-4b8f-afa2-afa2bb531141","business-name-generator","workflow-business-name-generator-quick","false"
"5b21ae63-ba06-4b8f-afa2-afa2bb531141","business-name-generator","workflow-business-name-generator-professional","false"
"a7319645-ab41-4258-a1ec-993aeb7324d4","headline-generator","workflow-headline-generator-quick","false"
"a7319645-ab41-4258-a1ec-993aeb7324d4","headline-generator","workflow-headline-generator-professional","false"
"6c65ab0f-4eec-42db-a972-3133f91f7ddf","proofreading-assistant","workflow-proofreading-assistant-quick","false"
"6c65ab0f-4eec-42db-a972-3133f91f7ddf","proofreading-assistant","workflow-proofreading-assistant-professional","false"
"a68b58f1-3778-45ae-a201-4ec86c968da6","square-root-calculator","workflow-square-root-calculator-standard","true"
"cf823022-6a0c-4820-ac49-f0ed78f54c38","ratio-calculator","workflow-ratio-calculator-standard","true"
"c291cde0-dc4e-44aa-8759-dda3e470b3bb","sample-size-calculator","workflow-sample-size-calculator-standard","true"
"c1fadd50-be31-44ea-baf4-08d4a40d1ba8","gpa-4-to-5-converter","workflow-gpa-4-to-5-converter-standard","true"
"aefe9e75-f57d-42cb-ab9a-211b3a5feb5c","cbm-calculator","workflow-cbm-calculator-standard","true"
"ee8587c4-3de2-48c7-bca6-ca61f0c8c529","centimeter-to-meter-converter","workflow-centimeter-to-meter-converter-standard","true"
"ca7821da-b916-476b-8d66-5a799bf8d688","meter-to-kilometer-converter","workflow-meter-to-kilometer-converter-standard","true"
"383546d9-7412-43ab-95fb-83a0ba4dfd95","kilogram-to-pound-converter","workflow-kilogram-to-pound-converter-standard","true"
"70cd947f-1cef-432d-a507-643801800d0a","price-with-vat-calculator","workflow-price-with-vat-calculator-standard","true"
"3c4f5fc3-feb3-45ee-b46c-a2188889a66b","pound-to-kilogram-converter","workflow-pound-to-kilogram-converter-standard","true"
"d897637d-35ea-4777-b4a2-ada6b204619b","celsius-to-fahrenheit-converter","workflow-celsius-to-fahrenheit-converter-standard","true"
"a975a2f3-2892-43b4-b490-484c12958fef","percentage-of-amount-calculator","workflow-percentage-of-amount-calculator-standard","true"
"5976604f-aa94-4d13-bfee-cd8fc3be7175","gpa-4-to-percentage-calculator","workflow-gpa-4-to-percentage-calculator-standard","true"
"b1d91949-0ff0-428d-b1be-d67dcd01b99f","percentage-change-calculator","workflow-percentage-change-calculator-standard","true"
"ee0e3060-f45c-4649-8196-8303ce624b0e","gpa-5-to-percentage-calculator","workflow-gpa-5-to-percentage-calculator-standard","true"
"0fc5f52f-e434-45b9-825d-8b67068b5b02","reverse-percentage-calculator","workflow-reverse-percentage-calculator-standard","true"
"70088491-c3d6-4ee7-981e-3487a5e23007","fahrenheit-to-celsius-converter","workflow-fahrenheit-to-celsius-converter-standard","true"
"303f2425-5c3b-43bc-aff8-4e7ee5dfb730","rectangle-area-calculator","workflow-rectangle-area-calculator-standard","true"
"f2fff8f7-a0af-47e0-98b1-91763f438588","land-share-area-calculator","workflow-land-share-area-calculator-standard","true"
"80652743-8a8a-4b26-ad6b-3a8495083e0a","box-volume-liter-calculator","workflow-box-volume-liter-calculator-standard","true"
"5baac051-f50b-4dc4-8093-19f3c40e284e","bmi-calculator","workflow-bmi-calculator-standard","true"
"af9a0497-e041-4569-97af-9621472efbad","daily-water-intake-calculator","workflow-daily-water-intake-calculator-standard","true"
"c1fbb0cf-9b54-408b-90a5-6c9461ef7c75","bmr-male-calculator","workflow-bmr-male-calculator-standard","true"
"50e6d184-61c7-4dc3-a7ca-8dcd16db165d","installment-calculator","workflow-installment-calculator-standard","true"
"e23a8576-f12c-4698-803c-a736dbcfb51e","loan-payment-calculator","workflow-loan-payment-calculator-standard","true"
"41ab7b99-442a-4df9-a29e-a0dc06d68ae2","savings-goal-calculator","workflow-savings-goal-calculator-standard","true"
"75e2bbe4-59e8-455f-be50-b5617cd81b1f","bmr-female-calculator","workflow-bmr-female-calculator-standard","true"
"7aa8af2e-526e-4434-ab91-c1aa86f271e8","hourly-wage-calculator","workflow-hourly-wage-calculator-standard","true"
"488a5158-e18d-4c55-8f44-3c5ea63f45f6","zakat-calculator","workflow-zakat-calculator-standard","true"
"bdf35d4b-dde1-4714-8521-e87284a2d895","gold-zakat-calculator","workflow-gold-zakat-calculator-standard","true"
"26cf6d61-88a5-4d48-a838-46284d15dd58","net-after-tax-calculator","workflow-net-after-tax-calculator-standard","true"
"49085892-6850-47ea-9e5f-59e9782a4e9d","daily-wage-calculator","workflow-daily-wage-calculator-standard","true"
"e8fd856f-4f53-45a9-93f7-d2562e3be84f","overtime-pay-calculator","workflow-overtime-pay-calculator-standard","true"
"00bffa6d-3814-4768-a1f7-254c40072d9b","retirement-years-remaining-calculator","workflow-retirement-years-remaining-calculator-standard","true"
"2acffddc-ea0f-4bb1-912d-32bfc88cf856","employer-payroll-cost","workflow-employer-payroll-cost-standard","true"
"b59e352a-ecd5-49fa-b992-f3ed303b147d","operating-leverage-calculator","workflow-operating-leverage-calculator-standard","true"
"aa3a0585-fa87-404a-a2cd-de230aa561ab","sales-per-employee-calculator","workflow-sales-per-employee-calculator-standard","true"
"dff703a3-910f-42f5-b1c1-1613b8e9b6ab","revenue-per-customer-calculator","workflow-revenue-per-customer-calculator-standard","true"
"616843bc-8b58-4040-9a28-e6856313ba30","inventory-days-calculator","workflow-inventory-days-calculator-standard","true"
"0eddf0fa-e76d-4207-952a-8e91660f7643","receivable-days-calculator","workflow-receivable-days-calculator-standard","true"
"72e18709-2d54-4b42-b94b-e618fa11c9ad","payable-days-calculator","workflow-payable-days-calculator-standard","true"
"b5aeedb7-4c37-4f07-b95d-5ae42dff2b60","square-diagonal-calculator","workflow-square-diagonal-calculator-standard","true"
"a5934fb8-26cf-47c6-b82b-f5763437497a","cash-conversion-cycle-calculator","workflow-cash-conversion-cycle-calculator-standard","true"
"1579dd6a-9cf3-4ca3-851b-dd2377657711","customer-concentration-calculator","workflow-customer-concentration-calculator-standard","true"
"ad3aedb0-e399-42c4-819e-19432c0f202c","weighted-mean-calculator","workflow-weighted-mean-calculator-standard","true"
"f50bff6d-4f3b-47ed-a20c-7db19b232459","proportion-value-calculator","workflow-proportion-value-calculator-standard","true"
"fa128149-9191-4de0-9734-5d2f56c1d833","geometric-mean-two-values","workflow-geometric-mean-two-values-standard","true"
"3a034aef-5435-4906-8480-a70f4d798064","harmonic-mean-two-values","workflow-harmonic-mean-two-values-standard","true"
"4e5cdf38-352f-4761-bc1e-c7d8524fa2e9","circle-circumference-calculator","workflow-circle-circumference-calculator-standard","true"
"25604cef-2541-490a-a85a-d8a7b2a04c1c","trapezoid-area-calculator","workflow-trapezoid-area-calculator-standard","true"
"150f88a4-0fe1-43c2-8901-6f105c949683","regular-polygon-angle-calculator","workflow-regular-polygon-angle-calculator-standard","true"
"68867733-9424-4b28-af7c-6d630c1d2700","minutes-to-decimal-hours","workflow-minutes-to-decimal-hours-standard","true"
"d5fc3a82-b25e-41df-914b-af85dd05cf05","decimal-hours-to-minutes","workflow-decimal-hours-to-minutes-standard","true"
"bd1d426e-3700-41d6-b719-c2af44502d20","workdays-to-hours-calculator","workflow-workdays-to-hours-calculator-standard","true"
"698495b3-ff9a-4dc4-a7f6-7a755facbb35","shifts-to-hours-calculator","workflow-shifts-to-hours-calculator-standard","true"
"1a7763b9-e404-4524-a255-acd22f612ef3","weekly-hours-to-monthly-hours","workflow-weekly-hours-to-monthly-hours-standard","true"
"d56f0aa9-a68a-463a-b69c-fe654af135a3","meeting-person-hours-calculator","workflow-meeting-person-hours-calculator-standard","true"
"24549f53-3086-46d9-84ff-0027168ffe3a","production-time-per-unit","workflow-production-time-per-unit-standard","true"
"44bf0d4b-4582-4fe4-a207-6606572e4649","task-throughput-per-hour","workflow-task-throughput-per-hour-standard","true"
"78efcd00-a5cd-43bb-8c29-d78e01df2c59","target-weight-by-bmi","workflow-target-weight-by-bmi-standard","true"
"2deedf0d-5ccc-4cc7-afa8-6b245bc5b5df","walking-pace-calculator","workflow-walking-pace-calculator-standard","true"
"b6f148b7-f368-400e-8d25-958933823782","running-speed-calculator","workflow-running-speed-calculator-standard","true"
"25cc18cf-f655-4391-a051-6361b7dea62b","protein-target-calculator","workflow-protein-target-calculator-standard","true"
"3a09ef44-29e0-4805-aa72-446d71def568","body-fat-mass-calculator","workflow-body-fat-mass-calculator-standard","true"
"19c91277-40ba-4852-bad7-b9ca0cb8139b","lean-body-mass-calculator","workflow-lean-body-mass-calculator-standard","true"
"2373dd5e-f661-4005-acda-18c046588fed","waist-height-ratio-calculator","workflow-waist-height-ratio-calculator-standard","true"
"03bc8599-e33a-4f9b-8426-404161c25650","calorie-deficit-duration-calculator","workflow-calorie-deficit-duration-calculator-standard","true"
"bbd5fcfb-5a33-41d4-bee2-6eaab4c7c9cf","square-foot-to-square-meter","workflow-square-foot-to-square-meter-standard","true"
"8d991524-eb72-40aa-a061-d45af8fb48a5","course-weighted-score-calculator","workflow-course-weighted-score-calculator-standard","true"
"1dc69f0b-fa1d-43ca-92c6-e2550d0f414d","final-exam-required-score","workflow-final-exam-required-score-standard","true"
"6cf670ed-4b3d-4247-9b6f-782b958da71e","attendance-rate-calculator","workflow-attendance-rate-calculator-standard","true"
"5bf0533b-4b9f-40bd-a82c-4b52f6f2a139","study-hours-per-subject","workflow-study-hours-per-subject-standard","true"
"dc10721f-bf08-486f-a90a-1a95090edef5","assignment-average-calculator","workflow-assignment-average-calculator-standard","true"
"d119bf9e-2cd1-4c5e-8dd9-f32029da63dd","grade-improvement-rate","workflow-grade-improvement-rate-standard","true"
"1c8a1ddb-56ca-40e0-9b10-7563c64d7b88","completed-credits-rate","workflow-completed-credits-rate-standard","true"
"6b5dbd9a-d304-4e33-b2f9-62d4f5812ac8","points-needed-for-target","workflow-points-needed-for-target-standard","true"
"42f1e2d0-a3fc-492a-9494-3af153432ffd","net-salary-after-deductions","workflow-net-salary-after-deductions-standard","true"
"6e8d0857-f5af-4a60-ac6c-72ed2e1aa95d","annual-compensation-calculator","workflow-annual-compensation-calculator-standard","true"
"32e4de28-624a-47e5-b16d-bfcb95cafd8c","kilometer-hour-to-mile-hour","workflow-kilometer-hour-to-mile-hour-standard","true"
"d58b45d7-677d-425a-b7eb-94f94173d7e7","vacation-pay-estimate","workflow-vacation-pay-estimate-standard","true"
"c1dc6ee3-d66d-4c1b-9458-e4bbe708f012","bonus-amount-calculator","workflow-bonus-amount-calculator-standard","true"
"c8bc217d-91d4-4c8f-a754-f86bf6a6091a","commission-plus-salary","workflow-commission-plus-salary-standard","true"
"92eb946a-56e6-4484-a61e-3eaae9eecb11","unpaid-leave-deduction","workflow-unpaid-leave-deduction-standard","true"
"defbacfb-5ee4-4f31-85ae-9c4377d25bf5","shift-premium-pay","workflow-shift-premium-pay-standard","true"
"a2e694fd-0841-481a-b50a-86c54d6b393c","customer-lifetime-value-simple","workflow-customer-lifetime-value-simple-standard","true"
"1518891f-92e9-40f4-97ee-65fcaf6048ec","lead-to-sale-rate","workflow-lead-to-sale-rate-standard","true"
"6b141d01-dfbe-4383-a579-fd463ab07eb0","marketing-efficiency-ratio","workflow-marketing-efficiency-ratio-standard","true"
"47f800ad-eae4-47ef-abaa-10870ae99148","ad-frequency-calculator","workflow-ad-frequency-calculator-standard","true"
"e3b42d04-5e11-4457-addb-5220348f5943","landing-page-bounce-rate","workflow-landing-page-bounce-rate-standard","true"
"e14ac1bd-a500-4fad-a5a5-31aae168ec71","email-click-to-open-rate","workflow-email-click-to-open-rate-standard","true"
"6788b613-db9e-436a-8844-2cc3d338557f","unsubscribe-rate-calculator","workflow-unsubscribe-rate-calculator-standard","true"
"cf56b585-6a2d-4693-8b5c-121068c7ba4f","repeat-purchase-rate","workflow-repeat-purchase-rate-standard","true"
"31cd40c2-810a-484d-b38c-26582f9b39b3","personal-savings-rate","workflow-personal-savings-rate-standard","true"
"c6aec2a0-461e-46de-bc6d-9b12aa78823c","debt-service-ratio","workflow-debt-service-ratio-standard","true"
"9bdae05e-09ea-4512-afd4-5ce1ee9d25d8","emergency-fund-months","workflow-emergency-fund-months-standard","true"
"26295617-27df-4e3d-8532-57618ea0d80f","rule-of-72-calculator","workflow-rule-of-72-calculator-standard","true"
"667f8434-64cd-46b6-a4d7-cbc8b76b0f51","monthly-budget-surplus","workflow-monthly-budget-surplus-standard","true"
"05a7f4b4-8574-4923-b4c1-b315a248de0c","annual-expense-projection","workflow-annual-expense-projection-standard","true"
"939db257-a342-4717-8e9d-9e76da28006e","sinking-fund-contribution","workflow-sinking-fund-contribution-standard","true"
"ac10a406-cfa2-44a5-8ebf-86460af1815c","cash-runway-calculator","workflow-cash-runway-calculator-standard","true"
"db3bf5da-b48b-468b-879f-ac8a4b61f781","productivity-rate-calculator","workflow-productivity-rate-calculator-standard","true"
"858660c9-d05e-4aa7-9529-30ff5e7b7f11","task-completion-rate","workflow-task-completion-rate-standard","true"
"c00c9468-4f18-4f3a-836a-e29e104596b1","fuel-efficiency-calculator","workflow-fuel-efficiency-calculator-standard","true"
"aca1c2c2-e270-4a0a-be95-bf95372e2fd9","electricity-usage-cost","workflow-electricity-usage-cost-standard","true"
"811b088e-305e-4d3d-bad5-bc266131939d","water-consumption-cost","workflow-water-consumption-cost-standard","true"
"6daa5c92-c900-4e14-85c3-88e627e2a4e2","unit-price-comparison","workflow-unit-price-comparison-standard","true"
"bcf42eb8-1576-409e-98b8-eaf8b3db738a","shared-expense-split","workflow-shared-expense-split-standard","true"
"706dd9a1-1523-44c3-8942-df72e4490c46","millimeter-to-inch-converter","workflow-millimeter-to-inch-converter-standard","true"
"935b44e7-2a7c-4d07-a00d-1b2aace209a7","inch-to-millimeter-converter","workflow-inch-to-millimeter-converter-standard","true"
"d9a6435f-0047-46e9-bdfa-a3765bad4632","liter-to-us-gallon-converter","workflow-liter-to-us-gallon-converter-standard","true"
"c0c4eb83-1d87-4f0f-89de-1d41b139c899","us-gallon-to-liter-converter","workflow-us-gallon-to-liter-converter-standard","true"
"1b3c2468-ff82-4f0d-9428-f37f052cf9c7","square-meter-to-square-foot","workflow-square-meter-to-square-foot-standard","true"
"8efeb675-ee57-40df-a97f-427322c1643b","mile-hour-to-kilometer-hour","workflow-mile-hour-to-kilometer-hour-standard","true"
"503bde2d-0e8c-4127-84b8-1b1b24921290","annual-rent-monthly-equivalent","workflow-annual-rent-monthly-equivalent-standard","true"
"0c91bf20-0502-4775-a979-00d72deeb328","gosi-employee-deduction-estimate","workflow-gosi-employee-deduction-estimate-standard","true"
"1ee89c84-5dea-4e46-b643-3e9e362cc28f","salary-after-gosi-estimate","workflow-salary-after-gosi-estimate-standard","true"
"0e4eb4d4-121a-427d-9fbb-78985a5785d0","end-of-service-first-five-years","workflow-end-of-service-first-five-years-standard","true"
"60c706ed-032f-433d-aa28-b55980dd7ee2","end-of-service-over-five-years","workflow-end-of-service-over-five-years-standard","true"
"a02bf474-9e11-4923-a43a-f0a7e9c98b06","housing-allowance-estimate","workflow-housing-allowance-estimate-standard","true"
"c46d7646-dc52-41ff-ae92-874303b19125","thirty-day-daily-wage","workflow-thirty-day-daily-wage-standard","true"
"41d340a5-59e7-4b35-9ff3-75a7c1dff9af","zakat-base-estimate","workflow-zakat-base-estimate-standard","true"
"b2b9000c-3d40-4cb0-b086-1969f2746b9c","trip-fuel-cost-calculator","workflow-trip-fuel-cost-calculator-standard","true"
"6bce74ea-1af7-4494-a569-95e6ee26c1ca","hotel-stay-total-calculator","workflow-hotel-stay-total-calculator-standard","true"
"6c730530-6fd2-4096-a0e0-87111018902b","focus-ratio-calculator","workflow-focus-ratio-calculator-standard","true"
"a460c42d-7b51-4cf7-b8c6-011bfe220aaa","travel-currency-budget-calculator","workflow-travel-currency-budget-calculator-standard","true"
"e7131f49-1102-46eb-b681-31f21108a2c0","baggage-overweight-fee-calculator","workflow-baggage-overweight-fee-calculator-standard","true"
"74e99448-a331-4b34-a5ce-0653176763de","travel-time-calculator","workflow-travel-time-calculator-standard","true"
"6314223d-17e3-4f70-b5f5-400f8b0a4998","itinerary-hours-per-day-calculator","workflow-itinerary-hours-per-day-calculator-standard","true"
"aa362b6e-0603-43ea-89cd-6da5c0f4108f","group-trip-share-calculator","workflow-group-trip-share-calculator-standard","true"
"98e18243-4218-47db-9ccb-1208cfdb593d","energy-efficiency-improvement-calculator","workflow-energy-efficiency-improvement-calculator-standard","true"
"27ae11ba-76da-4957-a365-081d06f5bb26","average-order-value-calculator","workflow-average-order-value-calculator-standard","true"
"2072ccf5-e41a-4e6b-b0f3-3c1dcd5aa54f","cart-abandonment-rate-calculator","workflow-cart-abandonment-rate-calculator-standard","true"
"4e0039f5-7f2e-4fbc-bc15-b9918b5d5675","ecommerce-conversion-rate-calculator","workflow-ecommerce-conversion-rate-calculator-standard","true"
"d9f94844-ecf9-42aa-b154-cb92ab66b8dc","customer-lifetime-value-basic-calculator","workflow-customer-lifetime-value-basic-calculator-standard","true"
"651c6aaf-fdf0-4775-b98e-b8a6304bfa26","commute-carbon-emissions-calculator","workflow-commute-carbon-emissions-calculator-standard","true"
"a23a4c56-a9ba-4967-bde1-e215958533a2","appliance-annual-energy-cost-calculator","workflow-appliance-annual-energy-cost-calculator-standard","true"
"3e34f101-ca9f-48f4-aebb-ed19f664779f","tree-offset-calculator","workflow-tree-offset-calculator-standard","true"
"a855c950-79b2-4e61-bc34-8aad4638a0fd","paper-reams-saved-calculator","workflow-paper-reams-saved-calculator-standard","true"
"61c4c1a4-25b7-412b-9b67-63962de352a9","recycling-rate-calculator","workflow-recycling-rate-calculator-standard","true"
"97e5e606-9363-4c1a-bc00-589be0ebacf0","water-savings-calculator","workflow-water-savings-calculator-standard","true"
"c2f68870-1c21-4508-9482-db4e01b2870b","solar-energy-savings-calculator","workflow-solar-energy-savings-calculator-standard","true"
"cf5bda31-a5cd-4898-8bdf-55f15c4b6916","fuel-carbon-emissions-calculator","workflow-fuel-carbon-emissions-calculator-standard","true"
"0df856eb-d54e-4831-b2fe-096b09fb969c","electricity-carbon-emissions-calculator","workflow-electricity-carbon-emissions-calculator-standard","true"
"2125010f-6b86-4c32-aa4f-1954b2efe653","freelancer-project-capacity-calculator","workflow-freelancer-project-capacity-calculator-standard","true"
"e8d85ee9-5a6f-45ee-97d9-aa439d61fda5","late-payment-fee-calculator","workflow-late-payment-fee-calculator-standard","true"
"e70c4a18-856d-46f4-ad12-95d49931d4f2","retainer-contract-value-calculator","workflow-retainer-contract-value-calculator-standard","true"
"fe14c220-7f0f-4fff-a709-653b56a9fc82","effective-hourly-rate-calculator","workflow-effective-hourly-rate-calculator-standard","true"
"3d887505-6467-4ec0-9046-749023b35882","proposal-win-rate-calculator","workflow-proposal-win-rate-calculator-standard","true"
"4440c94a-f23c-4f4c-8019-3a462a98889d","net-freelance-income-calculator","workflow-net-freelance-income-calculator-standard","true"
"1ea8c59c-abb1-4096-a39d-d08b05a302cd","freelance-platform-fee-calculator","workflow-freelance-platform-fee-calculator-standard","true"
"840331ef-17a5-400e-b084-b54039e63a04","freelancer-tax-reserve-calculator","workflow-freelancer-tax-reserve-calculator-standard","true"
"9c63066d-e462-4014-9b55-a9769bdc6b56","freelance-project-price-calculator","workflow-freelance-project-price-calculator-standard","true"
"cbd1691e-25c9-4080-a535-93a8cd0c3744","freelancer-hourly-rate-calculator","workflow-freelancer-hourly-rate-calculator-standard","true"
"24ad7c63-cc7f-483a-9b03-ee89b5d6bfbd","restaurant-occupancy-rate-calculator","workflow-restaurant-occupancy-rate-calculator-standard","true"
"01b5c2ad-0424-42b8-b9ea-2eba2e0fc799","restaurant-break-even-orders-calculator","workflow-restaurant-break-even-orders-calculator-standard","true"
"9b1ac050-bf05-4656-98ba-e5e71f210d48","food-wastage-rate-calculator","workflow-food-wastage-rate-calculator-standard","true"
"96011977-b72b-4eed-b19f-06fe51ea20de","delivery-platform-fee-calculator","workflow-delivery-platform-fee-calculator-standard","true"
"79bf1793-4d2f-45b5-a1ff-f2bbb60fb94e","recipe-cost-per-serving-calculator","workflow-recipe-cost-per-serving-calculator-standard","true"
"8fb7abcf-8573-4b56-b853-707d64385bda","restaurant-labor-cost-percentage-calculator","workflow-restaurant-labor-cost-percentage-calculator-standard","true"
"93a93e6d-36af-484f-87c5-7744af521b37","average-check-calculator","workflow-average-check-calculator-standard","true"
"c9da7d9a-3f68-40b2-9522-c56ad0225198","table-turnover-calculator","workflow-table-turnover-calculator-standard","true"
"c4c7db1b-4c67-4c40-89d7-c4269e3221aa","menu-price-from-food-cost-calculator","workflow-menu-price-from-food-cost-calculator-standard","true"
"77819676-870a-49d6-84a6-ea68da044853","food-cost-percentage-calculator","workflow-food-cost-percentage-calculator-standard","true"
"3f617db5-b59c-4c14-9480-012c564ad986","delivery-route-cost-calculator","workflow-delivery-route-cost-calculator-standard","true"
"a42f001e-9c96-4fbe-bde8-02421127b13b","safety-stock-calculator","workflow-safety-stock-calculator-standard","true"
"3f63ad12-862c-4884-a14d-475a82db6b5f","reorder-point-calculator","workflow-reorder-point-calculator-standard","true"
"4a271994-dea1-46cd-a1d2-39536c81d61d","inventory-carrying-cost-calculator","workflow-inventory-carrying-cost-calculator-standard","true"
"b9d5410b-c254-4e53-8156-59d231021070","on-time-delivery-rate-calculator","workflow-on-time-delivery-rate-calculator-standard","true"
"0df728cd-5f81-472a-a141-bc91a5e58adf","order-accuracy-rate-calculator","workflow-order-accuracy-rate-calculator-standard","true"
"d8ee095d-ed5e-4205-93b7-281b34ddf5ab","warehouse-space-utilization-calculator","workflow-warehouse-space-utilization-calculator-standard","true"
"e5cd49e2-6e57-4f08-b98b-acda64d9288b","vehicle-capacity-utilization-calculator","workflow-vehicle-capacity-utilization-calculator-standard","true"
"3cf4210d-0c70-4a81-bd93-6893daf04683","delivery-cost-per-order-calculator","workflow-delivery-cost-per-order-calculator-standard","true"
"7855defa-d032-4797-b550-5e8b0c2a43ba","freight-cost-per-kg-calculator","workflow-freight-cost-per-kg-calculator-standard","true"
"638cbcec-a077-429d-a622-85eb754e051b","sales-win-loss-ratio-calculator","workflow-sales-win-loss-ratio-calculator-standard","true"
"c133d797-fd77-4697-a881-7b869eb70420","sales-commission-calculator","workflow-sales-commission-calculator-standard","true"
"c49575f8-6177-481d-b4d9-46f680dc5985","cross-sell-revenue-calculator","workflow-cross-sell-revenue-calculator-standard","true"
"322141fd-a2bf-4346-805f-a95ff213b64e","upsell-rate-calculator","workflow-upsell-rate-calculator-standard","true"
"efd2454a-175d-408e-be55-bd6dcfa279e6","lead-response-time-calculator","workflow-lead-response-time-calculator-standard","true"
"bf54dd70-94e0-450f-a6e4-2cf568349de1","pipeline-coverage-calculator","workflow-pipeline-coverage-calculator-standard","true"
"c9a693ed-eed9-466b-9a63-889f4438e835","quota-attainment-calculator","workflow-quota-attainment-calculator-standard","true"
"a152364f-1cae-4d3d-a4e7-ed84aa7f8639","average-sales-cycle-calculator","workflow-average-sales-cycle-calculator-standard","true"
"cdab4ec0-712d-440e-8cf5-a4c604c935a2","sales-conversion-rate-calculator","workflow-sales-conversion-rate-calculator-standard","true"
"79181a5f-d01c-4cf7-8916-dd9d79c6d151","newsletter-open-rate-calculator","workflow-newsletter-open-rate-calculator-standard","true"
"daa9d07a-6d17-4e1a-9924-a72606b42dd6","affiliate-revenue-calculator","workflow-affiliate-revenue-calculator-standard","true"
"8857b0a4-f491-4668-9414-edfde97c4ef3","thumbnail-click-through-rate-calculator","workflow-thumbnail-click-through-rate-calculator-standard","true"
"f280adde-5944-432a-983c-95d1bfdbdfa5","video-watch-time-calculator","workflow-video-watch-time-calculator-standard","true"
"62fd604c-f02e-434d-969f-20d6c9ff3039","content-publishing-frequency-calculator","workflow-content-publishing-frequency-calculator-standard","true"
"0bae9b25-f054-4183-97d9-ee0e4ad6bacd","video-production-cost-calculator","workflow-video-production-cost-calculator-standard","true"
"f38709da-2164-4f8f-ae8a-0db980349340","average-deal-size-calculator","workflow-average-deal-size-calculator-standard","true"
"0afefa79-1a8e-49e7-846c-da68f7422360","sponsorship-rate-calculator","workflow-sponsorship-rate-calculator-standard","true"
"b89127e0-5159-48fa-b925-7bdc4ccdd824","follower-growth-rate-calculator","workflow-follower-growth-rate-calculator-standard","true"
"e0e58446-2f1a-4717-83c1-bd2291e01d57","social-engagement-rate-calculator","workflow-social-engagement-rate-calculator-standard","true"
"8aaf6778-8311-4d1a-b021-e50a11bd73d3","youtube-cpm-revenue-calculator","workflow-youtube-cpm-revenue-calculator-standard","true"
"1d6840af-37e8-45f0-9451-4c0277c1b4cd","deadline-buffer-calculator","workflow-deadline-buffer-calculator-standard","true"
"9d15dee3-4ac7-41bf-a009-a50c5a7fa9b9","productivity-output-per-hour-calculator","workflow-productivity-output-per-hour-calculator-standard","true"
"5bd02ba5-7d39-440b-89db-6731cd97796e","team-utilization-rate-calculator","workflow-team-utilization-rate-calculator-standard","true"
"b81f5785-17f0-49c8-8e51-9f6d9c291b71","automation-time-saved-calculator","workflow-automation-time-saved-calculator-standard","true"
"3dee8eab-d5d4-4816-9614-d306b0d89676","meeting-cost-calculator","workflow-meeting-cost-calculator-standard","true"
"6bd8eefc-aed3-4ef1-94d3-ade7853ad8f8","project-progress-calculator","workflow-project-progress-calculator-standard","true"
"cea925a3-aa9c-4ba4-9eca-9e5d5e16047d","weekly-work-capacity-calculator","workflow-weekly-work-capacity-calculator-standard","true"
"24bf1524-6e75-4e40-9ded-7ff68b0109b5","pomodoro-session-calculator","workflow-pomodoro-session-calculator-standard","true"
"d215e34a-05ec-4b04-ab06-628763d8228a","ecommerce-return-rate-calculator","workflow-ecommerce-return-rate-calculator-standard","true"
"7cee5553-8816-4d6f-a73a-92e03efb540b","ecommerce-refund-rate-calculator","workflow-ecommerce-refund-rate-calculator-standard","true"
"68b1598e-e182-49cf-b910-7b98b8204ef9","shipping-cost-per-order-calculator","workflow-shipping-cost-per-order-calculator-standard","true"
"8edc4f76-c678-4f93-ae87-f7298b0c6976","inventory-turnover-calculator","workflow-inventory-turnover-calculator-standard","true"
"05365bde-dda1-4e64-ab0e-5ab5be51b112","break-even-orders-calculator","workflow-break-even-orders-calculator-standard","true"
"a0ff5156-6351-4098-83e8-b7ae2a320778","marketplace-commission-calculator","workflow-marketplace-commission-calculator-standard","true"
"5de6905f-473d-4fa3-b195-f2a847004e54","rental-yield-calculator","workflow-rental-yield-calculator-standard","true"
"3c2ee8ef-0d33-4f20-896f-facb6537d3eb","task-completion-rate-calculator","workflow-task-completion-rate-calculator-standard","true"
"96140f4b-48fc-4b0d-afd8-d1b2aa50fc53","cap-rate-calculator","workflow-cap-rate-calculator-standard","true"
"322770b8-7b68-4397-b1f1-e36efbb68626","price-per-square-meter-calculator","workflow-price-per-square-meter-calculator-standard","true"
"cfd3e5a6-9fe6-4665-a357-400a8b6adf9e","mortgage-monthly-payment-calculator","workflow-mortgage-monthly-payment-calculator-standard","true"
"855030f8-8b51-4b89-905e-1be2b111f1ca","down-payment-calculator","workflow-down-payment-calculator-standard","true"
"95b9d5d3-6711-469a-b82c-039db5434a3a","visa-fees-total-calculator","workflow-visa-fees-total-calculator-standard","true"
"1b2d3385-adb2-466e-aa09-7d6984bf2adc","loan-to-value-calculator","workflow-loan-to-value-calculator-standard","true"
"982d4917-b522-4954-b5d1-caa6fe010e75","property-appreciation-calculator","workflow-property-appreciation-calculator-standard","true"
"a4f89df0-5f90-4d0d-9d26-57575ac4806c","rental-vacancy-loss-calculator","workflow-rental-vacancy-loss-calculator-standard","true"
"6a070406-0921-473a-a483-1b4b29374b08","property-management-fee-calculator","workflow-property-management-fee-calculator-standard","true"
"60300f7b-85ba-4c56-bbe6-40f15013a378","real-estate-cash-roi-calculator","workflow-real-estate-cash-roi-calculator-standard","true"
"20261d41-7f3b-462f-9da9-65edac3306ac","trip-budget-per-day-calculator","workflow-trip-budget-per-day-calculator-standard","true"
"4630dd09-b13a-4b05-b81b-b1be33615e2c","travel-insurance-cost-calculator","workflow-travel-insurance-cost-calculator-standard","true"
"62c60024-9aec-4710-88ac-019cd09420fc","overtime-percentage-calculator","workflow-overtime-percentage-calculator-standard","true"
"d9b1992b-8517-4477-8e22-81d7ae6875d2","annual-fuel-cost-calculator","workflow-annual-fuel-cost-calculator-standard","true"
"14893ab5-9047-4029-8265-1229484fd4c2","vehicle-depreciation-calculator","workflow-vehicle-depreciation-calculator-standard","true"
"c29ec806-ac48-456c-909e-b8f521a8f29e","vehicle-maintenance-budget-calculator","workflow-vehicle-maintenance-budget-calculator-standard","true"
"663b31f3-0f77-4636-8f14-fed814e25a50","vehicle-ownership-monthly-cost-calculator","workflow-vehicle-ownership-monthly-cost-calculator-standard","true"
"550eeded-f043-4e97-8ad5-4494952b6983","tire-cost-per-km-calculator","workflow-tire-cost-per-km-calculator-standard","true"
"69b99dfd-5860-469f-b05d-0a6595d20e9d","lease-mileage-overage-calculator","workflow-lease-mileage-overage-calculator-standard","true"
"77957e29-e759-4284-9e95-0e621dbe8a24","vehicle-finance-total-cost-calculator","workflow-vehicle-finance-total-cost-calculator-standard","true"
"c9630db4-29ff-41c4-b1bd-2c2364f4fa98","ride-profit-calculator","workflow-ride-profit-calculator-standard","true"
"dc4726c2-f2ff-4157-ad91-7e10604323b4","vehicle-cost-per-km-calculator","workflow-vehicle-cost-per-km-calculator-standard","true"
"f2acbd20-2d40-4cda-97e0-71fb3f87477e","concrete-volume-calculator","workflow-concrete-volume-calculator-standard","true"
"8d40f4e1-d6f8-409b-9591-c4a1458bcf00","asset-storage-calculator","workflow-asset-storage-calculator-standard","true"
"76d8ff13-a4a5-4acd-a97b-22137cf3cb42","brick-count-calculator","workflow-brick-count-calculator-standard","true"
"328cc8b4-7b41-4186-b254-0ea22f11fcb9","paint-liters-calculator","workflow-paint-liters-calculator-standard","true"
"ba55e26e-9a30-4ac8-8bfc-4eb7a9dc78f1","tile-quantity-calculator","workflow-tile-quantity-calculator-standard","true"
"476d9c24-1dc5-44fb-adfd-70d3d2fb51d5","cement-bags-calculator","workflow-cement-bags-calculator-standard","true"
"336df80b-ce2e-47e1-a7b7-1f70a2fbf1ee","wall-area-calculator","workflow-wall-area-calculator-standard","true"
"99cc67fb-c710-4e76-9db0-a7246f1f2310","fertilizer-requirement-calculator","workflow-fertilizer-requirement-calculator-standard","true"
"2ad4be1f-4104-4862-8b3e-567da6d06667","construction-labor-cost-calculator","workflow-construction-labor-cost-calculator-standard","true"
"cac51ce2-5569-454a-b2f5-5ca142588281","material-waste-cost-calculator","workflow-material-waste-cost-calculator-standard","true"
"f61a221f-7ce7-455c-97df-4c35e2e62c42","project-contingency-calculator","workflow-project-contingency-calculator-standard","true"
"da312701-8513-47d6-b6cb-c805099b5550","rebar-weight-estimator","workflow-rebar-weight-estimator-standard","true"
"2920e3d7-d8cd-4a03-b669-95a7fcba4e62","seed-requirement-calculator","workflow-seed-requirement-calculator-standard","true"
"e4bb4d63-3c7d-4a99-a723-737ee75f394d","irrigation-water-calculator","workflow-irrigation-water-calculator-standard","true"
"4733c1cf-d87c-4482-bc55-0f73793f0274","crop-yield-per-hectare-calculator","workflow-crop-yield-per-hectare-calculator-standard","true"
"05a18409-575c-4af1-a514-66cce0b89be5","farm-revenue-calculator","workflow-farm-revenue-calculator-standard","true"
"2ac1466b-639c-4e12-a033-314b09644d4e","animal-feed-requirement-calculator","workflow-animal-feed-requirement-calculator-standard","true"
"f101ef24-f5f4-4992-93c3-36d04db8cd6d","livestock-weight-gain-calculator","workflow-livestock-weight-gain-calculator-standard","true"
"fd7f127b-b9b5-4dc2-961a-cc00454092af","greenhouse-plant-capacity-calculator","workflow-greenhouse-plant-capacity-calculator-standard","true"
"00f84658-c39e-47c5-bdfa-14b3237669ea","pesticide-dilution-calculator","workflow-pesticide-dilution-calculator-standard","true"
"fd4902a1-b3a8-4c1f-8857-415c7cb2778d","harvest-loss-calculator","workflow-harvest-loss-calculator-standard","true"
"1c204662-12d8-4080-9df0-9edfbf303ce5","event-cost-per-attendee-calculator","workflow-event-cost-per-attendee-calculator-standard","true"
"bc863ea0-a795-423b-b41e-e47b3e64e7b0","ticket-break-even-calculator","workflow-ticket-break-even-calculator-standard","true"
"d148cbc3-0f03-4169-b527-b62f46c5da74","sponsorship-coverage-calculator","workflow-sponsorship-coverage-calculator-standard","true"
"bb197952-8a11-48e0-9ae7-bb6643253fb9","event-catering-cost-calculator","workflow-event-catering-cost-calculator-standard","true"
"29f9599c-350d-4731-8a27-41d32f11dcc5","venue-occupancy-rate-calculator","workflow-venue-occupancy-rate-calculator-standard","true"
"e2ec8105-2874-4736-a118-7d8649d9d15a","cost-per-hire-calculator","workflow-cost-per-hire-calculator-standard","true"
"e6d23e49-9f0b-4f72-b69c-05f3350538ac","event-profit-calculator","workflow-event-profit-calculator-standard","true"
"1c01a987-bcef-4a13-a5f5-8f5bff627c45","event-staff-ratio-calculator","workflow-event-staff-ratio-calculator-standard","true"
"ac6f8e34-f681-4c58-b501-a9dcfbb65976","event-checkin-rate-calculator","workflow-event-checkin-rate-calculator-standard","true"
"7c41cb2a-0619-4885-9352-f2230416d8e7","event-no-show-rate-calculator","workflow-event-no-show-rate-calculator-standard","true"
"7a52c0cb-d601-4173-af81-ea69a680d8bb","booth-revenue-calculator","workflow-booth-revenue-calculator-standard","true"
"c481a5b6-1bd2-4a3d-8f1d-045abfd9add3","employee-turnover-rate-calculator","workflow-employee-turnover-rate-calculator-standard","true"
"3899b9ab-3c9a-424d-93e2-379e51ebc00f","employee-absence-rate-calculator","workflow-employee-absence-rate-calculator-standard","true"
"134e62c2-db2b-4509-82b3-53893fc56316","time-to-hire-calculator","workflow-time-to-hire-calculator-standard","true"
"e891bfc3-d2bb-4c63-8eec-072c5255c964","revenue-per-employee-calculator","workflow-revenue-per-employee-calculator-standard","true"
"a8a59fb0-35e1-4937-91b9-ae9f789c67cd","training-cost-per-employee-calculator","workflow-training-cost-per-employee-calculator-standard","true"
"c3e358b2-ce86-419c-9304-b5494ce4d49e","employee-retention-rate-calculator","workflow-employee-retention-rate-calculator-standard","true"
"2d749b72-b01e-4752-911b-17bc6ce3d20b","vehicle-fuel-cost-calculator","workflow-vehicle-fuel-cost-calculator-standard","true"
"b6616634-5b94-4089-b7fc-1cad087a2035","payroll-burden-calculator","workflow-payroll-burden-calculator-standard","true"
"e85ccfa8-3477-405d-b45a-920865cf70e0","vacancy-rate-calculator","workflow-vacancy-rate-calculator-standard","true"
"3cd81ccf-7838-40ae-a736-512e20592115","organic-ctr-calculator","workflow-organic-ctr-calculator-standard","true"
"d8b4b8f1-5791-4c54-8f40-7898a89635a8","organic-conversion-rate-calculator","workflow-organic-conversion-rate-calculator-standard","true"
"48cce6bc-ee96-42b5-9d98-fefe31bf8ccb","keyword-ranking-growth-calculator","workflow-keyword-ranking-growth-calculator-standard","true"
"9f65d4f4-81c2-45b0-83b1-4b6a7df2f7c4","organic-impression-growth-calculator","workflow-organic-impression-growth-calculator-standard","true"
"4ee1bf3b-61fa-47b6-9e2b-a59f1ee9e188","backlink-growth-rate-calculator","workflow-backlink-growth-rate-calculator-standard","true"
"e7cf9c53-1400-4b28-997f-d5c436a5d20e","seo-content-roi-calculator","workflow-seo-content-roi-calculator-standard","true"
"ba82a2e9-781e-4fff-9692-9f5d6e74ff03","cost-per-organic-lead-calculator","workflow-cost-per-organic-lead-calculator-standard","true"
"355b75b2-ac08-4139-bf0d-8abec8f827de","indexed-pages-rate-calculator","workflow-indexed-pages-rate-calculator-standard","true"
"63cd3b93-a646-4910-918d-7f8640777c9e","crawl-budget-utilization-calculator","workflow-crawl-budget-utilization-calculator-standard","true"
"c6e320ef-b7da-4f06-be85-a8a74eeeb92a","serp-click-share-calculator","workflow-serp-click-share-calculator-standard","true"
"4f5f5c02-6295-4792-99d7-dac87970ab94","page-weight-calculator","workflow-page-weight-calculator-standard","true"
"27a9f9c4-65eb-48a0-9947-e99d3246f217","monthly-bandwidth-calculator","workflow-monthly-bandwidth-calculator-standard","true"
"0357238b-e1fb-4e50-947f-3fdf677d35b3","uptime-percentage-calculator","workflow-uptime-percentage-calculator-standard","true"
"d37128ba-0638-4c02-87ea-9e41c612234e","api-error-rate-calculator","workflow-api-error-rate-calculator-standard","true"
"18d47479-1913-45c7-b56c-06cd27ebbe31","net-worth-calculator","workflow-net-worth-calculator-standard","true"
"56d1f20e-2417-4475-af7b-bb19561835f3","average-response-time-calculator","workflow-average-response-time-calculator-standard","true"
"f9bcb18d-9852-44bc-896d-c77caf105a3e","cache-hit-rate-calculator","workflow-cache-hit-rate-calculator-standard","true"
"76674c37-d7fb-4128-abbb-5694d5798b05","conversion-uplift-calculator","workflow-conversion-uplift-calculator-standard","true"
"df77feab-ebeb-43d2-87cc-ca90dd8fdaf1","bounce-rate-reduction-calculator","workflow-bounce-rate-reduction-calculator-standard","true"
"2b48782c-3f9c-43e4-9ba0-8268e9412ee5","server-cost-per-user-calculator","workflow-server-cost-per-user-calculator-standard","true"
"cdf64c62-bace-4a82-8966-c9996685c644","data-transfer-cost-calculator","workflow-data-transfer-cost-calculator-standard","true"
"e65e2c22-b3b9-432a-81c2-b55a8f500aa7","font-license-cost-calculator","workflow-font-license-cost-calculator-standard","true"
"729af9a7-8eae-43fb-b5b4-9244ce293dc8","design-project-quote-calculator","workflow-design-project-quote-calculator-standard","true"
"7a1d15ee-3e0f-45fe-b0ce-cec77e81f588","revision-cost-calculator","workflow-revision-cost-calculator-standard","true"
"e8d9a146-f557-4a17-b604-8e6d653a2b7d","print-size-with-bleed-calculator","workflow-print-size-with-bleed-calculator-standard","true"
"368ae09c-468a-40af-b727-88ff853482d4","pixel-width-from-dpi-calculator","workflow-pixel-width-from-dpi-calculator-standard","true"
"ebae0dda-2442-449b-8758-e48d893eac63","pixel-height-from-dpi-calculator","workflow-pixel-height-from-dpi-calculator-standard","true"
"34bef29b-da29-408f-a517-8666c938955b","design-utilization-rate-calculator","workflow-design-utilization-rate-calculator-standard","true"
"d2f05424-29be-4ac8-b801-9659269457a0","render-time-estimator","workflow-render-time-estimator-standard","true"
"a1c60822-18aa-492a-ab63-011f35f6f883","print-run-cost-calculator","workflow-print-run-cost-calculator-standard","true"
"dfebeefd-a58c-4560-aab3-1eb6423266b5","first-response-time-calculator","workflow-first-response-time-calculator-standard","true"
"f8c2ec5d-b7b9-43f2-b331-f521349c4874","average-resolution-time-calculator","workflow-average-resolution-time-calculator-standard","true"
"c631cab7-de21-4c18-a263-9892bb4572fb","csat-score-calculator","workflow-csat-score-calculator-standard","true"
"792f3e04-0a38-4271-9980-f0ac1f64f406","nps-score-calculator","workflow-nps-score-calculator-standard","true"
"97540b60-1586-4ab4-891d-3721fe73fafd","ticket-backlog-calculator","workflow-ticket-backlog-calculator-standard","true"
"d6c00fb9-6fd5-4a3d-ad61-61329629fd15","support-cost-per-ticket-calculator","workflow-support-cost-per-ticket-calculator-standard","true"
"c7df5c66-fcd1-49f5-9fbc-8f7efdccf39d","self-service-deflection-rate-calculator","workflow-self-service-deflection-rate-calculator-standard","true"
"48b53a7c-03c6-4999-8d5f-1549fb504a19","sla-compliance-rate-calculator","workflow-sla-compliance-rate-calculator-standard","true"
"23e44fd9-e431-4333-91bc-caef94529bad","escalation-rate-calculator","workflow-escalation-rate-calculator-standard","true"
"62c1f474-92ca-40cd-a275-869b5742788e","support-agent-utilization-calculator","workflow-support-agent-utilization-calculator-standard","true"
"c4c8ea65-efcf-45ac-b576-bb3dbbef2209","monthly-savings-rate-calculator","workflow-monthly-savings-rate-calculator-standard","true"
"d4e5b866-aecf-42ed-a777-466ba2e16e8f","emergency-fund-months-calculator","workflow-emergency-fund-months-calculator-standard","true"
"d83a7759-cc18-432c-91bb-aa7fff5aef7b","debt-to-income-ratio-calculator","workflow-debt-to-income-ratio-calculator-standard","true"
"74f4f4f0-a751-4b3b-99e2-373d643fc7fa","simple-loan-interest-calculator","workflow-simple-loan-interest-calculator-standard","true"
"cdc0fb23-b113-4ebb-852c-cba397d33b95","monthly-savings-goal-calculator","workflow-monthly-savings-goal-calculator-standard","true"
"13d4084f-f983-40eb-984a-958963b80a19","monthly-budget-remainder-calculator","workflow-monthly-budget-remainder-calculator-standard","true"
"66dc9d1d-9754-4ad3-b761-82e24269a4e6","expense-growth-rate-calculator","workflow-expense-growth-rate-calculator-standard","true"
"0334efcc-53f2-460c-b70f-01c4569cf82e","annual-subscription-cost-calculator","workflow-annual-subscription-cost-calculator-standard","true"
"c7de5ca3-6758-43e9-9a34-ad181c711429","personal-cash-flow-calculator","workflow-personal-cash-flow-calculator-standard","true"
"80f1d1f0-b291-48c4-b722-84f9d7510dc2","guest-acquisition-cost-calculator","workflow-guest-acquisition-cost-calculator-standard","true"
"fe78ea12-818d-42ff-b5c7-f5b4fe8d4a41","home-electricity-cost-calculator","workflow-home-electricity-cost-calculator-standard","true"
"d143472d-cfc6-417d-8f10-4758ff55faa9","water-bill-estimator","workflow-water-bill-estimator-standard","true"
"a548473c-132a-4ce6-9b3c-4979e7645990","air-conditioner-monthly-cost-calculator","workflow-air-conditioner-monthly-cost-calculator-standard","true"
"36d27e9e-cc2c-4526-a043-55022caf9eb7","room-paint-cost-calculator","workflow-room-paint-cost-calculator-standard","true"
"9c74194b-6a35-4fd1-8e42-851c690d4fdc","flooring-cost-calculator","workflow-flooring-cost-calculator-standard","true"
"546a27df-d172-4754-bf9b-a1395d8f58d5","cycling-speed-calculator","workflow-cycling-speed-calculator-standard","true"
"16cc04b1-e39a-4566-a918-d0b3065b6c8d","home-cleaning-cost-calculator","workflow-home-cleaning-cost-calculator-standard","true"
"337ae2c6-eae5-497a-88da-3470e34c6974","solar-payback-period-calculator","workflow-solar-payback-period-calculator-standard","true"
"02abc274-ec1a-4cdd-926d-6be7ffade0a1","home-maintenance-budget-calculator","workflow-home-maintenance-budget-calculator-standard","true"
"209296d4-3aed-4ec8-8069-accc0dd48019","appliance-usage-cost-calculator","workflow-appliance-usage-cost-calculator-standard","true"
"420d43d6-267a-4b6c-ac14-a2e754131a9b","moving-cost-calculator","workflow-moving-cost-calculator-standard","true"
"a7b6a543-46d3-4f69-be08-74e8874b20a6","retail-gross-margin-calculator","workflow-retail-gross-margin-calculator-standard","true"
"aba4d853-415f-4b7c-b3b7-688359621137","sell-through-rate-calculator","workflow-sell-through-rate-calculator-standard","true"
"5edb7d98-5c78-49d4-a3ac-ab0d20bed18c","retail-stockout-rate-calculator","workflow-retail-stockout-rate-calculator-standard","true"
"af3fcfbf-7d4c-4b9f-8865-c31a9dc17d68","retail-discount-impact-calculator","workflow-retail-discount-impact-calculator-standard","true"
"df3cdb0c-ca14-4bf1-aa79-457ccb5ce1a8","sales-per-square-meter-calculator","workflow-sales-per-square-meter-calculator-standard","true"
"47e94de7-ff31-451e-90ea-b919d636b55d","retail-labor-productivity-calculator","workflow-retail-labor-productivity-calculator-standard","true"
"0209afb9-034b-4f7a-9048-4fffe0688551","basket-size-calculator","workflow-basket-size-calculator-standard","true"
"4f60b875-292f-4005-9e14-d9d14703e8f8","store-conversion-rate-calculator","workflow-store-conversion-rate-calculator-standard","true"
"9a2eb885-c213-4e34-8f1a-88b1f4c30488","retail-shrinkage-rate-calculator","workflow-retail-shrinkage-rate-calculator-standard","true"
"dfd0c7b6-93c0-464a-82cc-1d1ff1b44747","branch-sales-target-calculator","workflow-branch-sales-target-calculator-standard","true"
"83aae4c4-6344-42bb-9bd2-63a2994ccb1c","overall-equipment-effectiveness-calculator","workflow-overall-equipment-effectiveness-calculator-standard","true"
"21b16832-0085-46b5-857b-d2355f0c705d","production-yield-calculator","workflow-production-yield-calculator-standard","true"
"026cd13c-13d5-4a8a-8f12-54ff2634e063","scrap-rate-calculator","workflow-scrap-rate-calculator-standard","true"
"fa864571-63cb-4116-84b6-905306f9ae90","manufacturing-cycle-time-calculator","workflow-manufacturing-cycle-time-calculator-standard","true"
"bcfc0075-e8af-4d4f-8d65-3765b81524f5","running-pace-calculator","workflow-running-pace-calculator-standard","true"
"b14edede-25d5-4359-bbec-45631b51d60b","production-capacity-calculator","workflow-production-capacity-calculator-standard","true"
"2a2fa364-a742-4aba-994e-8c6a0774fb92","unit-production-cost-calculator","workflow-unit-production-cost-calculator-standard","true"
"a72a3e9d-3a6f-4bb1-aa97-a446e3d22eaf","machine-downtime-rate-calculator","workflow-machine-downtime-rate-calculator-standard","true"
"56f4c3b0-c2f5-4d89-aaa5-8684e792a82f","defect-cost-calculator","workflow-defect-cost-calculator-standard","true"
"01b5d86c-d48b-4340-8a1b-9a18526b08d3","raw-material-usage-variance-calculator","workflow-raw-material-usage-variance-calculator-standard","true"
"4ec3160f-99f6-458c-a618-1240f7d8b0ae","manufacturing-energy-cost-per-unit-calculator","workflow-manufacturing-energy-cost-per-unit-calculator-standard","true"
"57f10210-51d8-44f9-8d5b-d5235e4944dd","earned-value-calculator","workflow-earned-value-calculator-standard","true"
"c4d8a539-d656-4400-a35d-41394428d3cb","cost-performance-index-calculator","workflow-cost-performance-index-calculator-standard","true"
"ee8b390f-3252-4d32-8c41-14182f46571d","schedule-performance-index-calculator","workflow-schedule-performance-index-calculator-standard","true"
"74cbcbf6-7cbc-493b-a4e7-3f0cc99d92fa","project-budget-variance-calculator","workflow-project-budget-variance-calculator-standard","true"
"58b4731e-6055-46fa-92e2-18265048b4e4","project-schedule-variance-days-calculator","workflow-project-schedule-variance-days-calculator-standard","true"
"30cd9df7-152b-4b56-9494-5ea8170b95e1","resource-utilization-calculator","workflow-resource-utilization-calculator-standard","true"
"266e3eaf-85cf-4088-ab87-eb25c4daaceb","project-risk-exposure-calculator","workflow-project-risk-exposure-calculator-standard","true"
"9e085259-e7e4-4507-a302-7b30debbdd20","project-burn-rate-calculator","workflow-project-burn-rate-calculator-standard","true"
"73e05254-c439-4dad-bb29-f1f05b898985","estimate-at-completion-calculator","workflow-estimate-at-completion-calculator-standard","true"
"4f205c1a-6db3-4789-b64d-05db4a2a33c3","team-velocity-calculator","workflow-team-velocity-calculator-standard","true"
"77a4fd39-c6bd-43fe-93cf-99432fc50824","hotel-occupancy-rate-calculator","workflow-hotel-occupancy-rate-calculator-standard","true"
"13e3c1f7-463f-453b-8667-ff3d76d821bc","average-daily-rate-calculator","workflow-average-daily-rate-calculator-standard","true"
"72053958-d7b9-411a-8d6d-5549b3f1ec88","revpar-calculator","workflow-revpar-calculator-standard","true"
"3ade8047-d177-4577-815c-fb2f90220bee","hotel-cancellation-rate-calculator","workflow-hotel-cancellation-rate-calculator-standard","true"
"c091cb4e-1dec-46e3-bf06-1278a739f24b","hotel-housekeeping-cost-per-room-calculator","workflow-hotel-housekeeping-cost-per-room-calculator-standard","true"
"4bd6aeb4-5c71-4b5f-86e7-2589f82b87ba","hotel-labor-cost-per-occupied-room-calculator","workflow-hotel-labor-cost-per-occupied-room-calculator-standard","true"
"a1e83f95-2cca-4290-94e9-cd9e7d876af8","hotel-food-beverage-revenue-per-guest-calculator","workflow-hotel-food-beverage-revenue-per-guest-calculator-standard","true"
"dbfd8dbb-155c-4793-a39c-38412d16548c","hotel-length-of-stay-calculator","workflow-hotel-length-of-stay-calculator-standard","true"
"c60ea744-f071-4960-89e7-cbcd689c6047","hotel-profit-per-room-calculator","workflow-hotel-profit-per-room-calculator-standard","true"
"823ccc57-7421-4e40-a600-ee64ac753245","insurance-premium-estimator","workflow-insurance-premium-estimator-standard","true"
"e317c992-d591-49cc-a9f1-d9c9ae49b184","insurance-deductible-impact-calculator","workflow-insurance-deductible-impact-calculator-standard","true"
"fd5cb81f-baf8-470f-8fe8-401f4389d429","claim-loss-ratio-calculator","workflow-claim-loss-ratio-calculator-standard","true"
"e3e1ea77-57ff-411c-b460-f7e840c0b92d","insurance-coverage-gap-calculator","workflow-insurance-coverage-gap-calculator-standard","true"
"5d826bcc-1854-40a3-b7c4-72fd2e783f0c","insurance-commission-calculator","workflow-insurance-commission-calculator-standard","true"
"525f78de-9893-4934-b4f8-9cdf86b451d7","claim-frequency-calculator","workflow-claim-frequency-calculator-standard","true"
"03f34dee-834c-4a8a-8f92-5338fa46ccce","average-claim-size-calculator","workflow-average-claim-size-calculator-standard","true"
"3d64ead3-8bfc-433a-bccc-2b0cd9417b97","policy-renewal-rate-calculator","workflow-policy-renewal-rate-calculator-standard","true"
"4efd24ca-266c-4dab-ba7f-80258f2c653b","insurance-cost-per-day-calculator","workflow-insurance-cost-per-day-calculator-standard","true"
"7d542929-da15-4d18-8fdc-8e4dcfd52d04","insurance-solvency-buffer-calculator","workflow-insurance-solvency-buffer-calculator-standard","true"
"a7567a50-ded9-49d7-a5a7-2fc47e8619e8","electricity-demand-cost-calculator","workflow-electricity-demand-cost-calculator-standard","true"
"db222a8d-657f-4842-9b92-dbd667f0c382","solar-panel-output-calculator","workflow-solar-panel-output-calculator-standard","true"
"b69feb87-f7a8-4733-9a2f-6a5f8044a23f","battery-backup-hours-calculator","workflow-battery-backup-hours-calculator-standard","true"
"e35b6031-76fd-4b45-8514-3c918e3cf4fb","power-factor-penalty-calculator","workflow-power-factor-penalty-calculator-standard","true"
"62aaf9a9-aa9c-47ba-8420-b8bbae3c47a4","generator-fuel-consumption-calculator","workflow-generator-fuel-consumption-calculator-standard","true"
"64478a05-af7e-4760-8021-44a1a252e0d8","energy-cost-per-unit-calculator","workflow-energy-cost-per-unit-calculator-standard","true"
"9172233e-9164-42e0-b3ec-72d072592e44","annual-energy-savings-calculator","workflow-annual-energy-savings-calculator-standard","true"
"fa231ba1-b288-4f44-b361-5800a97b1c55","load-factor-calculator","workflow-load-factor-calculator-standard","true"
"118d7a84-0831-42fa-86ee-ecc27187ab00","energy-intensity-calculator","workflow-energy-intensity-calculator-standard","true"
"75fc652e-2dd3-4a1f-a85d-b9be4fed33ae","peak-demand-reduction-savings-calculator","workflow-peak-demand-reduction-savings-calculator-standard","true"
"2c99411b-95aa-4ff1-a392-55c3dc816a72","security-incident-rate-calculator","workflow-security-incident-rate-calculator-standard","true"
"2fdb79df-a0b2-4ea9-be1a-94965c869599","mean-time-to-detect-calculator","workflow-mean-time-to-detect-calculator-standard","true"
"439e81d2-e6f6-486f-8950-7d48fd9b6363","mean-time-to-respond-calculator","workflow-mean-time-to-respond-calculator-standard","true"
"52b5a692-da77-450d-98db-d6c35da92434","phishing-click-rate-calculator","workflow-phishing-click-rate-calculator-standard","true"
"57c1f966-e94e-440b-87e7-f0004a105190","patch-compliance-rate-calculator","workflow-patch-compliance-rate-calculator-standard","true"
"d6ab898e-aae3-41f5-8ee6-15a884f707b3","vulnerability-remediation-rate-calculator","workflow-vulnerability-remediation-rate-calculator-standard","true"
"57da796e-d4e4-4d85-9790-9d67f6f285b9","security-awareness-completion-rate-calculator","workflow-security-awareness-completion-rate-calculator-standard","true"
"72fd2d4e-861f-43cb-b912-0201dd4368a0","backup-success-rate-calculator","workflow-backup-success-rate-calculator-standard","true"
"8a0e6057-1848-46c0-ac38-5ff11eb80ffc","security-risk-exposure-calculator","workflow-security-risk-exposure-calculator-standard","true"
"08802ac2-9f5f-4686-a7b7-e67cbd31a436","endpoint-coverage-rate-calculator","workflow-endpoint-coverage-rate-calculator-standard","true"
"44f09748-437d-4bda-bd40-47d4158428fd","photo-storage-calculator","workflow-photo-storage-calculator-standard","true"
"17c5e388-7e91-449e-88bf-d96ca0904d53","video-storage-calculator","workflow-video-storage-calculator-standard","true"
"87a1c063-bcb2-40dd-a598-b1b892f40db1","photography-project-price-calculator","workflow-photography-project-price-calculator-standard","true"
"6871636e-6d39-408f-bd95-1e11d22ddc63","photo-print-cost-calculator","workflow-photo-print-cost-calculator-standard","true"
"a65952c5-eb23-4b5d-a076-a5601966fc7b","camera-depreciation-calculator","workflow-camera-depreciation-calculator-standard","true"
"a74ddc04-d1c3-4843-b091-b6ba0dc59f16","battery-shooting-time-calculator","workflow-battery-shooting-time-calculator-standard","true"
"1542e3db-d393-4e28-99d7-911be028862a","image-aspect-ratio-width-calculator","workflow-image-aspect-ratio-width-calculator-standard","true"
"d0b51222-bcdc-475a-955c-b340e24874d1","image-aspect-ratio-height-calculator","workflow-image-aspect-ratio-height-calculator-standard","true"
"e14726f1-2f05-4442-a3d9-62514c5522d1","shooting-day-cost-calculator","workflow-shooting-day-cost-calculator-standard","true"
"26848dd0-e1be-41ec-a5ba-843c7d626a96","editing-time-per-photo-calculator","workflow-editing-time-per-photo-calculator-standard","true"
"e8c839a6-7f1c-4557-b967-8ddfaeef284e","walking-distance-calculator","workflow-walking-distance-calculator-standard","true"
"bf365549-8cfe-472e-b506-b5a8d157c710","workout-volume-calculator","workflow-workout-volume-calculator-standard","true"
"c6f88c62-0d13-4e2a-885e-8bcf5fe533ba","one-rep-max-estimator","workflow-one-rep-max-estimator-standard","true"
"4a4c43c8-f7fc-4e21-8ba7-fb82ad39a32f","weekly-training-load-calculator","workflow-weekly-training-load-calculator-standard","true"
"b33e773a-4dc7-4d03-85df-36295ad4f511","calories-per-workout-estimator","workflow-calories-per-workout-estimator-standard","true"
"f76f3865-3992-4639-8c98-b1e14e9a1749","training-consistency-rate-calculator","workflow-training-consistency-rate-calculator-standard","true"
"1ac64896-8045-4487-9752-33673bf031b9","swimming-pace-calculator","workflow-swimming-pace-calculator-standard","true"
"082124f0-ce35-483c-8e88-391419c61c8b","weekly-distance-goal-progress-calculator","workflow-weekly-distance-goal-progress-calculator-standard","true"
"016d43a5-c90a-4ac1-9906-49e21c0304a2","startup-revenue-per-employee-calculator","workflow-startup-revenue-per-employee-calculator-standard","true"
"93e26953-f406-40a4-8b46-ed700d165693","telecom-support-cost-per-subscriber-calculator","workflow-telecom-support-cost-per-subscriber-calculator-standard","true"
"7bb9d76b-8dd0-499a-b9eb-2369b9d89300","dropped-call-rate-calculator","workflow-dropped-call-rate-calculator-standard","true"
"2ad31125-f25f-4865-91ef-81ffdaa8880f","telecom-subscriber-acquisition-cost-calculator","workflow-telecom-subscriber-acquisition-cost-calculator-standard","true"
"70947391-0105-4836-a2e3-ecc92a85cdb3","monthly-recurring-revenue-calculator","workflow-monthly-recurring-revenue-calculator-standard","true"
"5f8d3437-10c7-42cc-9c71-34b1d10f0864","telecom-revenue-per-minute-calculator","workflow-telecom-revenue-per-minute-calculator-standard","true"
"afaeef8e-2319-48a9-86cc-ed1714189053","telecom-data-usage-growth-calculator","workflow-telecom-data-usage-growth-calculator-standard","true"
"b338d992-29f0-4daf-bb90-aea7fd6c1cd3","annual-recurring-revenue-calculator","workflow-annual-recurring-revenue-calculator-standard","true"
"6c8eedc1-614f-478e-a36c-d933c52fd4f1","saas-customer-churn-rate-calculator","workflow-saas-customer-churn-rate-calculator-standard","true"
"b6ecd5f9-6dee-4cb4-bd31-5f11d2dcf1a2","saas-revenue-churn-rate-calculator","workflow-saas-revenue-churn-rate-calculator-standard","true"
"d3d134ed-fced-4140-b283-899b8a547dca","net-revenue-retention-calculator","workflow-net-revenue-retention-calculator-standard","true"
"60cd4bca-f465-424f-a7a9-65a5a441da70","saas-arpu-calculator","workflow-saas-arpu-calculator-standard","true"
"dc910a65-dd2f-48a3-9e88-4312aed7342a","saas-cac-calculator","workflow-saas-cac-calculator-standard","true"
"20b16a69-1cbd-4d84-985e-8b40edaafea9","saas-ltv-calculator","workflow-saas-ltv-calculator-standard","true"
"c622c049-904f-4023-b90a-65416163eeab","saas-ltv-cac-ratio-calculator","workflow-saas-ltv-cac-ratio-calculator-standard","true"
"3b9c204d-d056-4236-9a1b-e21a7dec0056","saas-cac-payback-calculator","workflow-saas-cac-payback-calculator-standard","true"
"c12d512a-c72c-4c5d-81b0-99c8a00a03cc","startup-net-burn-rate-calculator","workflow-startup-net-burn-rate-calculator-standard","true"
"60566e44-e89b-435a-8af6-fc5d6dce347a","startup-runway-calculator","workflow-startup-runway-calculator-standard","true"
"f6d6c995-a806-4ef4-af40-59c856ca07bc","startup-gross-burn-calculator","workflow-startup-gross-burn-calculator-standard","true"
"1960709d-00bf-4244-b855-c482ee8a8b25","rental-idle-days-calculator","workflow-rental-idle-days-calculator-standard","true"
"2f0b96c6-cb9a-4f7f-be98-39ea0b69969a","post-money-valuation-calculator","workflow-post-money-valuation-calculator-standard","true"
"36d45854-572a-4437-afbc-568387673c3c","investor-equity-percentage-calculator","workflow-investor-equity-percentage-calculator-standard","true"
"06689057-52b3-4c4c-a76e-60303375847c","founder-dilution-calculator","workflow-founder-dilution-calculator-standard","true"
"272a6f04-4a97-439b-be41-11a3352308c7","startup-break-even-customers-calculator","workflow-startup-break-even-customers-calculator-standard","true"
"ad797fc9-7679-41ac-8c1b-a3cdc29317a2","startup-cash-need-calculator","workflow-startup-cash-need-calculator-standard","true"
"6865c6b2-3d82-41c9-92c1-bf611236c56b","startup-monthly-growth-rate-calculator","workflow-startup-monthly-growth-rate-calculator-standard","true"
"7fcf9e1d-dcd3-48d1-9a0c-de6c5ff340cf","telecom-data-cost-per-gb-calculator","workflow-telecom-data-cost-per-gb-calculator-standard","true"
"1761998f-24c1-4845-b3e8-625ea259f2be","purchase-price-variance-calculator","workflow-purchase-price-variance-calculator-standard","true"
"605129da-6d6d-401f-b624-d88b53ecb7fb","procurement-savings-rate-calculator","workflow-procurement-savings-rate-calculator-standard","true"
"d67919cd-cade-4ced-8cc2-528204c0dde4","supplier-defect-rate-calculator","workflow-supplier-defect-rate-calculator-standard","true"
"2e100356-0c01-4243-b927-a7bcd7dc15e1","supplier-on-time-delivery-calculator","workflow-supplier-on-time-delivery-calculator-standard","true"
"ffbd47e5-1ba2-479c-8290-a7a684e29e5f","spend-under-management-calculator","workflow-spend-under-management-calculator-standard","true"
"bbd2e055-da7c-4f23-b949-a0c56d209f0a","average-procurement-order-value-calculator","workflow-average-procurement-order-value-calculator-standard","true"
"432349f1-afb2-44aa-b78f-3311a6038aac","procurement-lead-time-calculator","workflow-procurement-lead-time-calculator-standard","true"
"e32ee846-e8de-4b59-a53f-11bed02af572","supplier-concentration-calculator","workflow-supplier-concentration-calculator-standard","true"
"57ba0516-9e78-4a87-8519-b3c10745bf00","procurement-cycle-time-calculator","workflow-procurement-cycle-time-calculator-standard","true"
"21e63015-8b5c-42ec-b684-fbc773dc7a38","cost-avoidance-calculator","workflow-cost-avoidance-calculator-standard","true"
"2b47db90-8a9e-4124-be35-63e688b14dd6","defect-rate-calculator","workflow-defect-rate-calculator-standard","true"
"2cff4426-2f17-4bc0-99fd-7e165c034d3a","first-pass-yield-calculator","workflow-first-pass-yield-calculator-standard","true"
"45bea2d1-e4e9-4f1a-b4ac-17b6c67815d6","rework-rate-calculator","workflow-rework-rate-calculator-standard","true"
"f3971f89-a219-4c56-848a-4adcf6a0ec71","customer-complaint-rate-calculator","workflow-customer-complaint-rate-calculator-standard","true"
"2128ffa7-c3fa-4859-a347-be52b73641b4","cost-of-poor-quality-calculator","workflow-cost-of-poor-quality-calculator-standard","true"
"e9b17a74-0f5b-4eae-871f-cbe35c21c38d","inspection-pass-rate-calculator","workflow-inspection-pass-rate-calculator-standard","true"
"4dd5791e-50af-4f85-9d2f-ba848b241ddc","defects-per-million-opportunities-calculator","workflow-defects-per-million-opportunities-calculator-standard","true"
"3e801440-4d81-4a95-b87d-9d5b262f46df","audit-finding-closure-rate-calculator","workflow-audit-finding-closure-rate-calculator-standard","true"
"81148d37-9e2f-42bf-988b-3be9e53edcb5","quality-loss-cost-calculator","workflow-quality-loss-cost-calculator-standard","true"
"4aa86f38-348f-4b2f-9a3e-78f74053e0da","process-conformance-rate-calculator","workflow-process-conformance-rate-calculator-standard","true"
"5e667bda-9ca3-448d-9a02-3dad6dd4596c","mtbf-calculator","workflow-mtbf-calculator-standard","true"
"f7ff52aa-4940-4c95-b793-c4d4a268fce9","maintenance-mttr-calculator","workflow-maintenance-mttr-calculator-standard","true"
"875d57e1-ee76-4ac6-85eb-6ba4387a0c0f","equipment-availability-calculator","workflow-equipment-availability-calculator-standard","true"
"cde7a50e-e8d8-4898-bf93-9e2474b49f8e","preventive-maintenance-compliance-calculator","workflow-preventive-maintenance-compliance-calculator-standard","true"
"a57fff06-a325-4839-8012-4de71c9a661b","maintenance-cost-per-asset-calculator","workflow-maintenance-cost-per-asset-calculator-standard","true"
"4e088332-1cd9-4658-94c6-66e048a18f60","maintenance-cost-to-replacement-value-calculator","workflow-maintenance-cost-to-replacement-value-calculator-standard","true"
"d42363fa-e10c-4ef3-9c6a-2ea80e7044e5","planned-maintenance-rate-calculator","workflow-planned-maintenance-rate-calculator-standard","true"
"adeccccb-4182-43ba-88b3-26054482c178","telecom-retention-rate-calculator","workflow-telecom-retention-rate-calculator-standard","true"
"bd07cca9-ec3e-4f95-bcf9-403521503687","emergency-maintenance-rate-calculator","workflow-emergency-maintenance-rate-calculator-standard","true"
"ad64957b-9ef1-435e-be3d-172e5e729fc2","maintenance-backlog-weeks-calculator","workflow-maintenance-backlog-weeks-calculator-standard","true"
"0b3a8c37-ddbc-4753-9810-44e1bc5e2c42","spare-parts-turnover-calculator","workflow-spare-parts-turnover-calculator-standard","true"
"e143eae0-e707-44b3-9cc7-be5821cb5c63","franchise-royalty-fee-calculator","workflow-franchise-royalty-fee-calculator-standard","true"
"01b9e4f2-ad65-4630-b8b5-5e9d9c5fc92e","franchise-marketing-fund-calculator","workflow-franchise-marketing-fund-calculator-standard","true"
"24d1f921-f770-4f4a-9e1d-8c355c16b7fd","franchise-break-even-sales-calculator","workflow-franchise-break-even-sales-calculator-standard","true"
"b02c6a6d-6b8b-4ffd-971d-68490821fc09","franchise-payback-period-calculator","workflow-franchise-payback-period-calculator-standard","true"
"71d873c5-0e7f-4471-b4a9-5faaf804354d","same-store-sales-growth-calculator","workflow-same-store-sales-growth-calculator-standard","true"
"7f7db5a4-e8fb-4771-8cbb-21a5299e6176","revenue-per-franchise-location-calculator","workflow-revenue-per-franchise-location-calculator-standard","true"
"cc24a9df-0b85-43d2-aa58-7c824cbf92be","franchise-gross-margin-calculator","workflow-franchise-gross-margin-calculator-standard","true"
"21d2e6e0-22ac-475f-abd1-a74b2b9d798a","royalty-coverage-ratio-calculator","workflow-royalty-coverage-ratio-calculator-standard","true"
"9c071988-9241-42cd-acd5-121a665ddfe2","franchise-opening-cost-per-sqm-calculator","workflow-franchise-opening-cost-per-sqm-calculator-standard","true"
"cd3569a1-d9a4-492a-a51f-8a723b867c01","average-unit-volume-calculator","workflow-average-unit-volume-calculator-standard","true"
"c7c28184-b9a3-4e02-a463-e421df1ee353","rental-asset-yield-calculator","workflow-rental-asset-yield-calculator-standard","true"
"a109f5f3-3101-44f6-87d8-ff7ffa2dfba8","rental-utilization-rate-calculator","workflow-rental-utilization-rate-calculator-standard","true"
"3ccb0f97-4c0e-4c64-bc71-f8ae98a57300","rental-revenue-per-day-calculator","workflow-rental-revenue-per-day-calculator-standard","true"
"f8441424-fc4b-4061-9883-b778f784ec77","maintenance-cost-per-rental-calculator","workflow-maintenance-cost-per-rental-calculator-standard","true"
"c5bdd072-6bff-4983-9a05-fc3cfd9420dd","rental-damage-rate-calculator","workflow-rental-damage-rate-calculator-standard","true"
"6779db37-c383-4dcb-82e2-cde261673588","rental-payback-period-calculator","workflow-rental-payback-period-calculator-standard","true"
"83fe4616-b8de-4a78-9554-7392391b30ac","rental-booking-conversion-calculator","workflow-rental-booking-conversion-calculator-standard","true"
"d4e09cbb-abcb-4a9e-9681-f8c192ee7d45","telecom-network-uptime-calculator","workflow-telecom-network-uptime-calculator-standard","true"
"7fedaef6-f0b0-4749-a78a-0564d812e32d","bakery-labor-cost-per-batch-calculator","workflow-bakery-labor-cost-per-batch-calculator-standard","true"
"8230d9b8-e62a-40ab-b43b-677770738a23","bakery-daily-profit-calculator","workflow-bakery-daily-profit-calculator-standard","true"
"1e94f4c6-8b14-4e3a-b406-1c7386a2a9e7","telecom-arpu-calculator","workflow-telecom-arpu-calculator-standard","true"
"a233cc6c-ed3e-466f-97b4-b3d73b2a47e2","rental-late-fee-calculator","workflow-rental-late-fee-calculator-standard","true"
"ce8f64f0-1b6e-45a4-b506-2c1f4c753297","rental-fleet-revenue-per-asset-calculator","workflow-rental-fleet-revenue-per-asset-calculator-standard","true"
"e31d6ea2-7c38-496f-a8f8-08d186b7828f","salon-revenue-per-chair-calculator","workflow-salon-revenue-per-chair-calculator-standard","true"
"3d0609dd-89f3-4920-880b-c85ab8c8d648","salon-chair-utilization-calculator","workflow-salon-chair-utilization-calculator-standard","true"
"8f93ab7b-5ccb-4610-95d3-cfb191ef35e3","salon-average-ticket-calculator","workflow-salon-average-ticket-calculator-standard","true"
"32b14cdb-236c-486a-a5b3-bc82325e7875","salon-rebooking-rate-calculator","workflow-salon-rebooking-rate-calculator-standard","true"
"c16c523e-de1b-4b34-9e40-b55fc150d718","salon-product-attachment-rate-calculator","workflow-salon-product-attachment-rate-calculator-standard","true"
"107533f1-4bed-4629-8980-b87673d87ac5","salon-staff-commission-calculator","workflow-salon-staff-commission-calculator-standard","true"
"c92b7b6a-badd-4a28-bc89-97320de2e35e","salon-treatment-margin-calculator","workflow-salon-treatment-margin-calculator-standard","true"
"4dd266c3-b03b-408a-b9f6-d649e44cf860","salon-no-show-rate-calculator","workflow-salon-no-show-rate-calculator-standard","true"
"1e6069d8-158f-4cd6-b23f-4aa573fb214d","salon-daily-capacity-calculator","workflow-salon-daily-capacity-calculator-standard","true"
"160eae1d-47bc-44b0-8725-34562a3d9d51","telecom-subscriber-churn-calculator","workflow-telecom-subscriber-churn-calculator-standard","true"
"dff99c90-206f-49e0-838c-439e48e0bb52","salon-break-even-appointments-calculator","workflow-salon-break-even-appointments-calculator-standard","true"
"72a3bc01-2f45-479b-a147-66b1d9affba9","bakery-ingredient-cost-per-batch-calculator","workflow-bakery-ingredient-cost-per-batch-calculator-standard","true"
"d20f2ee2-acaf-4564-9360-cc0acb74864e","bakery-cost-per-item-calculator","workflow-bakery-cost-per-item-calculator-standard","true"
"495f37f2-7d60-40e5-a214-aa4121699668","bakery-gross-margin-calculator","workflow-bakery-gross-margin-calculator-standard","true"
"fede1926-3df9-4789-81c8-3f48c2ae194c","bakery-waste-rate-calculator","workflow-bakery-waste-rate-calculator-standard","true"
"1ec8c8c9-87fe-4435-937a-6b44c38381bc","bakery-daily-production-capacity-calculator","workflow-bakery-daily-production-capacity-calculator-standard","true"
"534f0ec4-476c-4228-8f71-ce1f6c66ab14","bakery-oven-utilization-calculator","workflow-bakery-oven-utilization-calculator-standard","true"
"f784ff5e-eabc-430e-806d-9eeff4873df4","bakery-break-even-items-calculator","workflow-bakery-break-even-items-calculator-standard","true"
"27e2aec6-0ac5-4e46-97f5-b873d2546d4a","bakery-packaging-cost-calculator","workflow-bakery-packaging-cost-calculator-standard","true"